Name,Rolle,Original_Rolle,ID,Titel,Art,Zielgruppe,Chronologische_Sortierung,Herkunftsland
10 trees graciously loaned for the production will be rooted in the heart of the community at the end of the performances. They will provide shade,Förderung & Partner,Unterstützt durch,A_031,Nigamon/Tunai,Installative Performance,Erwachsene & Junge Erwachsene,23,"Kanada, Kolumbien"
2024,Produktion & Management,Produktion,A_048,Vortex Nukak,Immersives Theater,Erwachsene & Junge Erwachsene,32,Kolumbien
30 Tänzer:innen (Namen folgen) aus Chemnitz (intergenerationelle Company Dancing Neighbours),Darstellende,Darstellende,A_075,Tanzende Nachbarn,Performance,Familien,30,"Japan, Deutschland"
A Oficina,Produktion & Management,Koproduktion Residenz,A_055,Go Back to Where You Came From,Zeitgenössisches Theater,Erwachsene & Junge Erwachsene,14,Portugal
A Oficina e Cineteatro Louletano (as part of Projeto CASA),Produktion & Management,Koproduktion,A_055,Go Back to Where You Came From,Zeitgenössisches Theater,Erwachsene & Junge Erwachsene,14,Portugal
AWW Germany GmbH,Förderung & Partner,Unterstützt durch,A_050,氣團 / Luftmasse,Installative Performance,Erwachsene & Junge Erwachsene,9,China
Abdulaziz Al-Aswad,Musik & Sound,"Musik, Sound",A_059,Speak So I May See You,Performance,Erwachsene,33,Saudi-Arabien
Abou Bassa,Musik & Sound,Musik,A_012,LA BOULE BLEUE,Figurentheater,Familien,31,Elfenbeinküste
Adriana Urrea,Text & Dramaturgie,Transkription,A_048,Vortex Nukak,Immersives Theater,Erwachsene & Junge Erwachsene,32,Kolumbien
Adrien Michaux,Performance,Darsteller:innen,A_079,La Grande Ourse,Zeitgenössisches Theater,Erwachsene & Junge Erwachsene,29,Frankreich
Afsaneh Mahian,"Regie, Text & Dramaturgie","Text, Regie",A_064,The Shadows,Zeitgenössisches Theater,Erwachsene & Junge Erwachsene,24,Iran
Agency for Cultural Affairs,Technik,Supported by,A_085,KUSTE,Interdisziplinäre Performance,Erwachsene & Junge Erwachsene,34,Japan
Agus Margiyanti,Performance,"Darsteller:innen / Puppenspieler:innen, Tänzer:innen",A_003,Stream of Memory,Figurentheater,Familien,7,Indonesien
Agustina Reinaudo,Darstellende,Darstellende,A_108,Los bienes visibles,Performance,Erwachsene,12,Argentinien
Ahmed Al-Bannai,Bühne & Ausstattung,Stage Management,A_059,Speak So I May See You,Performance,Erwachsene,33,Saudi-Arabien
Ahmed Al-Harbi,Performance,Hauptdarsteller,A_059,Speak So I May See You,Performance,Erwachsene,33,Saudi-Arabien
Ahmed Ashmawy (Assistenz),"Bühne & Ausstattung, Kostüm & Maske","Szenografie, Kostümbild",A_089,Before the Revolution,Zeitgenössisches Theater,Erwachsene & Junge Erwachsene,20,Ägypten
Ahmed El Attar,"Regie, Text & Dramaturgie","Regie, Text",A_089,Before the Revolution,Zeitgenössisches Theater,Erwachsene & Junge Erwachsene,20,Ägypten
Ahmed Nagy,Buchhaltung,Buchhaltung,A_089,Before the Revolution,Zeitgenössisches Theater,Erwachsene & Junge Erwachsene,20,Ägypten
Aho Ssan,Musik & Sound,Musik,A_079,La Grande Ourse,Zeitgenössisches Theater,Erwachsene & Junge Erwachsene,29,Frankreich
Aho Ssan.,Performance,Darsteller:innen,A_079,La Grande Ourse,Zeitgenössisches Theater,Erwachsene & Junge Erwachsene,29,Frankreich
Ai Weiwei,Text & Dramaturgie,Visuelles Konzept,A_050,氣團 / Luftmasse,Installative Performance,Erwachsene & Junge Erwachsene,9,China
Aichi Triennale 2025,Produktion & Management,Premiere,A_085,KUSTE,Interdisziplinäre Performance,Erwachsene & Junge Erwachsene,34,Japan
Ajitesh Gupta,"Darstellende, Regie, Text & Dramaturgie","Darstellende, Regie, Text",A_030,JO DOOBA SO PAAR,Musiktheater,Erwachsene & Junge Erwachsene,18,Indien
Akalanka Prabashwara,Darstellende,Darstellende,A_098,"Dear Children, Sincerely… 7 Decades of Sri Lanka",Performance,Erwachsene & Junge Erwachsene,17,Sri Lanka
Alanis O’Bomsawin-Galand,Performance,Mit den Stimmen von,A_031,Nigamon/Tunai,Installative Performance,Erwachsene & Junge Erwachsene,23,"Kanada, Kolumbien"
Alessandro Fanni,Character of earth and water,Character of earth and water,A_018,Parole d'eau / Water Words,Figurentheater,Kinder,21,"Kanada, Senegal"
Alexandra Takats,Produktion & Management,Produktionsleitung,A_075,Tanzende Nachbarn,Performance,Familien,30,"Japan, Deutschland"
Alfonso Lee,Darstellende,Darstellende,A_005,BLUR,Extended Reality (XR),Erwachsene & Junge Erwachsene,26,"Canada, Taïwan, Greece"
Amanda Roy,Performance,Mit den Stimmen von,A_031,Nigamon/Tunai,Installative Performance,Erwachsene & Junge Erwachsene,23,"Kanada, Kolumbien"
Amazonía Mía,Danksagungen,Danksagungen,A_048,Vortex Nukak,Immersives Theater,Erwachsene & Junge Erwachsene,32,Kolumbien
Amita Ghugari,Darstellende,Darstellende,A_030,JO DOOBA SO PAAR,Musiktheater,Erwachsene & Junge Erwachsene,18,Indien
Ana Gigi,Performance,Darstellerinnen,A_055,Go Back to Where You Came From,Zeitgenössisches Theater,Erwachsene & Junge Erwachsene,14,Portugal
Anabella Bacigalupo,Darstellende,Darstellende,A_108,Los bienes visibles,Performance,Erwachsene,12,Argentinien
Andreas Praditya,"Produktion & Management, Technik",Technische Direktion & Produktionsmanagement,A_003,Stream of Memory,Figurentheater,Familien,7,Indonesien
Andrée Levesque Sioui,Musik & Sound,"„Nibi Song“, Gesang",A_031,Nigamon/Tunai,Installative Performance,Erwachsene & Junge Erwachsene,23,"Kanada, Kolumbien"
Andrés Granier,Darstellende,Darstellende,A_108,Los bienes visibles,Performance,Erwachsene,12,Argentinien
Andrés Molina,"Choreografie, Künstlerische Beratung","Choreographie, Künstlerische Beratung",A_108,Los bienes visibles,Performance,Erwachsene,12,Argentinien
Anik Sioui,Performance,Mit den Stimmen von,A_031,Nigamon/Tunai,Installative Performance,Erwachsene & Junge Erwachsene,23,"Kanada, Kolumbien"
Anjana Premawardena,Darstellende,Darstellende,A_098,"Dear Children, Sincerely… 7 Decades of Sri Lanka",Performance,Erwachsene & Junge Erwachsene,17,Sri Lanka
Annie O’Bomsawin,Musik & Sound,"„Nibi Song“, Gesang",A_031,Nigamon/Tunai,Installative Performance,Erwachsene & Junge Erwachsene,23,"Kanada, Kolumbien"
Anthony Thibault,Regie,Regie,A_079,La Grande Ourse,Zeitgenössisches Theater,Erwachsene & Junge Erwachsene,29,Frankreich
Anton Fajri,"Performance, Puppenherstellung, Puppenkonstruktion","Darsteller:innen / Puppenspieler:innen, Puppenherstellung, Puppenkonstruktion",A_003,Stream of Memory,Figurentheater,Familien,7,Indonesien
Apetunpe (Rekpo,Created and Performed by,Created and Performed by,A_085,KUSTE,Interdisziplinäre Performance,Erwachsene & Junge Erwachsene,34,Japan
Ariene Godoy,Licht,Lichtdesign,A_055,Go Back to Where You Came From,Zeitgenössisches Theater,Erwachsene & Junge Erwachsene,14,Portugal
Armelle Abibou,Performance,Darsteller:innen,A_079,La Grande Ourse,Zeitgenössisches Theater,Erwachsene & Junge Erwachsene,29,Frankreich
Artiom Zavadovsky,"Darstellende, Text & Dramaturgie","Darstellende, Übersetzung",A_076,MEMORY DISTORTION. M I X T A P E,Musiktheater,Erwachsene & Junge Erwachsene,16,Moldau
Ashish Mishra,Darstellende,Darstellende,A_030,JO DOOBA SO PAAR,Musiktheater,Erwachsene & Junge Erwachsene,18,Indien
Atena Barbosa,Produktion & Management,"Executive Production, Produktionsunterstützung",A_055,Go Back to Where You Came From,Zeitgenössisches Theater,Erwachsene & Junge Erwachsene,14,Portugal
Aurele Chanal,Produktion & Management,Programming and integration,A_005,BLUR,Extended Reality (XR),Erwachsene & Junge Erwachsene,26,"Canada, Taïwan, Greece"
Avery Lin,Darstellende,Darstellende,A_005,BLUR,Extended Reality (XR),Erwachsene & Junge Erwachsene,26,"Canada, Taïwan, Greece"
Basma Hamed,Produktion & Management,PR & Marketing,A_089,Before the Revolution,Zeitgenössisches Theater,Erwachsene & Junge Erwachsene,20,Ägypten
Behaviour Interactive,"Bühne & Ausstattung, Video & Medien","3D assets, environments and VFX",A_005,BLUR,Extended Reality (XR),Erwachsene & Junge Erwachsene,26,"Canada, Taïwan, Greece"
Belén Abarza,Bühne & Ausstattung,Szenografie,A_068,Antuco,Figurentheater,Erwachsene & Junge Erwachsene,10,Chile
Beni Sanjaya,"Performance, Puppenherstellung","Darsteller:innen / Puppenspieler:innen, Puppenherstellung",A_003,Stream of Memory,Figurentheater,Familien,7,Indonesien
Benjamin Hotz,Video & Medien,Video,A_032,In a Strange Place,Installation,Erwachsene & Junge Erwachsene,5,Kanada
Berlin,Produktion & Management,Koproduktion,A_048,Vortex Nukak,Immersives Theater,Erwachsene & Junge Erwachsene,32,Kolumbien
Berliner Festpiele,Produktion & Management,Koproduktion,A_048,Vortex Nukak,Immersives Theater,Erwachsene & Junge Erwachsene,32,Kolumbien
Bhanuka Ekanayake,Darstellende,Darstellende,A_098,"Dear Children, Sincerely… 7 Decades of Sri Lanka",Performance,Erwachsene & Junge Erwachsene,17,Sri Lanka
Bianca Eden,Produktion & Management,Produktionsleitung,A_023,Paper Planet,Installation,Familien,3,Australien
Bogota,Produktion & Management,Produktion,A_048,Vortex Nukak,Immersives Theater,Erwachsene & Junge Erwachsene,32,Kolumbien
CALOSH,Förderung & Partner,Unterstützt durch,A_098,"Dear Children, Sincerely… 7 Decades of Sri Lanka",Performance,Erwachsene & Junge Erwachsene,17,Sri Lanka
Camila Pérez,Darstellende,Darstellende,A_068,Antuco,Figurentheater,Erwachsene & Junge Erwachsene,10,Chile
Camilo Yáñez,Darstellende,Darstellende,A_068,Antuco,Figurentheater,Erwachsene & Junge Erwachsene,10,Chile
Canada Council for the Arts,Förderung & Partner,Unterstützt durch,A_032,In a Strange Place,Installation,Erwachsene & Junge Erwachsene,5,Kanada
Canada Media Fund,Technik,With the support of,A_005,BLUR,Extended Reality (XR),Erwachsene & Junge Erwachsene,26,"Canada, Taïwan, Greece"
Carl Johnson,Bühne & Ausstattung,"Scenic Painting, Set Design",A_005,BLUR,Extended Reality (XR),Erwachsene & Junge Erwachsene,26,"Canada, Taïwan, Greece"
Carolina Saade,Darstellende,Darstellende,A_108,Los bienes visibles,Performance,Erwachsene,12,Argentinien
Caroline Robert,Video & Medien,2D animation of drowning,A_005,BLUR,Extended Reality (XR),Erwachsene & Junge Erwachsene,26,"Canada, Taïwan, Greece"
Centro Nacional de las Artes,Produktion & Management,Produktion,A_048,Vortex Nukak,Immersives Theater,Erwachsene & Junge Erwachsene,32,Kolumbien
Chae-ri Won,Darstellende,Darstellende,A_090,Except That You Cannot See Me,Installative Performance,Erwachsene & Junge Erwachsene,27,Südkorea
Chang-Chih Chen,Bühne & Ausstattung,Scenic Painting,A_005,BLUR,Extended Reality (XR),Erwachsene & Junge Erwachsene,26,"Canada, Taïwan, Greece"
Chang-Hao Wang,Darstellende,Darstellende,A_005,BLUR,Extended Reality (XR),Erwachsene & Junge Erwachsene,26,"Canada, Taïwan, Greece"
Chantal Labonté,Licht,Lichtdesign,A_031,Nigamon/Tunai,Installative Performance,Erwachsene & Junge Erwachsene,23,"Kanada, Kolumbien"
Charlie Aström,Licht,Lichtdesign,A_089,Before the Revolution,Zeitgenössisches Theater,Erwachsene & Junge Erwachsene,20,Ägypten
Chathuranga Thilakarathna,Darstellende,Darstellende,A_098,"Dear Children, Sincerely… 7 Decades of Sri Lanka",Performance,Erwachsene & Junge Erwachsene,17,Sri Lanka
Cheng Chao-En,Musik & Sound,"Musik, Sound",A_081,FAMILY TRIANGLE ,Interdisziplinäre Performance,Erwachsene & Junge Erwachsene,6,Taiwan
Cheng Han-Wen,Produktion & Management,Taiwanesische Produktion,A_081,FAMILY TRIANGLE ,Interdisziplinäre Performance,Erwachsene & Junge Erwachsene,6,Taiwan
Chih-Chen Hsu,Bühne & Ausstattung,Stage Technical Consultant,A_005,BLUR,Extended Reality (XR),Erwachsene & Junge Erwachsene,26,"Canada, Taïwan, Greece"
Chin-Lun Kao,Musik & Sound,Sound Designer,A_005,BLUR,Extended Reality (XR),Erwachsene & Junge Erwachsene,26,"Canada, Taïwan, Greece"
Christoph Lepschy,Text & Dramaturgie,Dramaturgie,A_050,氣團 / Luftmasse,Installative Performance,Erwachsene & Junge Erwachsene,9,China
Chung Pin-Chiao,Bühne & Ausstattung,Stage Management Premiere,A_081,FAMILY TRIANGLE ,Interdisziplinäre Performance,Erwachsene & Junge Erwachsene,6,Taiwan
Ciprian Marinescu,Text & Dramaturgie,Übersetzung,A_076,MEMORY DISTORTION. M I X T A P E,Musiktheater,Erwachsene & Junge Erwachsene,16,Moldau
Claude Rodrigue,"Bühne & Ausstattung, Puppen-",Puppen- & Requisitendesign,A_018,Parole d'eau / Water Words,Figurentheater,Kinder,21,"Kanada, Senegal"
Claudine Rivest,Förderung & Partner,Kreative Unterstützung,A_018,Parole d'eau / Water Words,Figurentheater,Kinder,21,"Kanada, Senegal"
Cleo da Fonseca,Text & Dramaturgie,Übersetzung (Portugiesisch),A_031,Nigamon/Tunai,Installative Performance,Erwachsene & Junge Erwachsene,23,"Kanada, Kolumbien"
Coline Delbaere,Produktion & Management,PHI Studio Executive Producers,A_005,BLUR,Extended Reality (XR),Erwachsene & Junge Erwachsene,26,"Canada, Taïwan, Greece"
Compagnie La Nuit te soupire,Produktion & Management,Produktion,A_079,La Grande Ourse,Zeitgenössisches Theater,Erwachsene & Junge Erwachsene,29,Frankreich
Consuelo Miranda,Darstellende,Darstellende,A_068,Antuco,Figurentheater,Erwachsene & Junge Erwachsene,10,Chile
Cornelia Winkler,Text & Dramaturgie,Übersetzung,A_076,MEMORY DISTORTION. M I X T A P E,Musiktheater,Erwachsene & Junge Erwachsene,16,Moldau
Craig Quintero,"Bühne & Ausstattung, Regie, Text & Dramaturgie","Regie, Text, Set Design",A_005,BLUR,Extended Reality (XR),Erwachsene & Junge Erwachsene,26,"Canada, Taïwan, Greece"
Cynthia Gosselin-Bouchard,Produktion & Management,Produktionsleitung,A_031,Nigamon/Tunai,Installative Performance,Erwachsene & Junge Erwachsene,23,"Kanada, Kolumbien"
DRAC Nouvelle-Aquitaine,Förderung & Partner,Unterstützt durch,A_079,La Grande Ourse,Zeitgenössisches Theater,Erwachsene & Junge Erwachsene,29,Frankreich
Daphney Chen,Choreografie,Choreografie,A_003,Stream of Memory,Figurentheater,Familien,7,Indonesien
Daphnée Cardinal,"Handwerk: Wassergefäße, Produktion & Management","Handwerk: Wassergefäße, Tourleitung",A_031,Nigamon/Tunai,Installative Performance,Erwachsene & Junge Erwachsene,23,"Kanada, Kolumbien"
David Egger,Video & Medien,Video,A_076,MEMORY DISTORTION. M I X T A P E,Musiktheater,Erwachsene & Junge Erwachsene,16,Moldau
Design and Architecture,Förderung & Partner,Unterstützt durch,A_104,Kafka's Ape,Physical Theatre,Erwachsene,8,South Africa
Deva Surya Sena Center,Förderung & Partner,Unterstützt durch,A_098,"Dear Children, Sincerely… 7 Decades of Sri Lanka",Performance,Erwachsene & Junge Erwachsene,17,Sri Lanka
Diego Materyn,Text & Dramaturgie,Textmitarbeit,A_108,Los bienes visibles,Performance,Erwachsene,12,Argentinien
Diffusions Artistiques Carcajou,"Performance, Produktion & Management",Gastspielorganisation / Booking,A_031,Nigamon/Tunai,Installative Performance,Erwachsene & Junge Erwachsene,23,"Kanada, Kolumbien"
Dohyeon Yoo,Darstellende,Darstellende,A_090,Except That You Cannot See Me,Installative Performance,Erwachsene & Junge Erwachsene,27,Südkorea
Dominga Gutiérrez,Produktion & Management,Creative Producer,A_068,Antuco,Figurentheater,Erwachsene & Junge Erwachsene,10,Chile
Doreen Day,Musik & Sound,„Nibi Song“ Komposition,A_031,Nigamon/Tunai,Installative Performance,Erwachsene & Junge Erwachsene,23,"Kanada, Kolumbien"
Doriana Talmazan,Darstellende,Darstellende,A_076,MEMORY DISTORTION. M I X T A P E,Musiktheater,Erwachsene & Junge Erwachsene,16,Moldau
Dramane Dembélé,Musik & Sound,"Livemusik, Musik",A_018,Parole d'eau / Water Words,Figurentheater,Kinder,21,"Kanada, Senegal"
Duminda Sandaruwan,Darstellende,Darstellende,A_098,"Dear Children, Sincerely… 7 Decades of Sri Lanka",Performance,Erwachsene & Junge Erwachsene,17,Sri Lanka
EU–Japan Fest Japan Committee,Förderung & Partner,Unterstützt durch,A_075,Tanzende Nachbarn,Performance,Familien,30,"Japan, Deutschland"
Edbe Jao Jiube,Performance,Teilnehmende,A_048,Vortex Nukak,Immersives Theater,Erwachsene & Junge Erwachsene,32,Kolumbien
Editions Quartett,Verlegung Französisch,Verlegung Französisch,A_079,La Grande Ourse,Zeitgenössisches Theater,Erwachsene & Junge Erwachsene,29,Frankreich
Edouard Lock,Choreografie,The Sheep Woman's choreography,A_005,BLUR,Extended Reality (XR),Erwachsene & Junge Erwachsene,26,"Canada, Taïwan, Greece"
Ega Kuspriyanto,Puppenherstellung,Puppenherstellung,A_003,Stream of Memory,Figurentheater,Familien,7,Indonesien
Eine Produktion der Wiener Festwochen.,Produktion & Management,Produktion,A_103,DI/Strauss technique,Performance,Erwachsene & Junge Erwachsene,15,Bulgarien
Eirini Mpountali,Darstellende,Darstellende,A_005,BLUR,Extended Reality (XR),Erwachsene & Junge Erwachsene,26,"Canada, Taïwan, Greece"
Elena Bechter,Darstell:innen,Darstell:innen,A_050,氣團 / Luftmasse,Installative Performance,Erwachsene & Junge Erwachsene,9,China
Elisabet Ràfols,"Englisch, Spanisch), Text & Dramaturgie","Übersetzung (Französisch, Englisch, Spanisch)",A_031,Nigamon/Tunai,Installative Performance,Erwachsene & Junge Erwachsene,23,"Kanada, Kolumbien"
Elizabeth Lima,Produktion & Management,Stimmcoach (Vogelimprovisation),A_031,Nigamon/Tunai,Installative Performance,Erwachsene & Junge Erwachsene,23,"Kanada, Kolumbien"
Elsa Romero,"Bühne & Ausstattung, Kostüm & Maske","Szenografie, Kostümbild",A_055,Go Back to Where You Came From,Zeitgenössisches Theater,Erwachsene & Junge Erwachsene,14,Portugal
Enas Abd El Rahman,Grafik,Grafik,A_089,Before the Revolution,Zeitgenössisches Theater,Erwachsene & Junge Erwachsene,20,Ägypten
Enrique Amido,Darstellende,Darstellende,A_108,Los bienes visibles,Performance,Erwachsene,12,Argentinien
Esmeralda Vasquez,Musik & Sound,Gesangscoach,A_031,Nigamon/Tunai,Installative Performance,Erwachsene & Junge Erwachsene,23,"Kanada, Kolumbien"
Esufally Foundation,Förderung & Partner,Unterstützt durch,A_098,"Dear Children, Sincerely… 7 Decades of Sri Lanka",Performance,Erwachsene & Junge Erwachsene,17,Sri Lanka
Eudosia Mutumbajoy,Performance,Mit den Stimmen von,A_031,Nigamon/Tunai,Installative Performance,Erwachsene & Junge Erwachsene,23,"Kanada, Kolumbien"
Eusebia Yanangona,Musik & Sound,"„Nibi Song“, Gesang",A_031,Nigamon/Tunai,Installative Performance,Erwachsene & Junge Erwachsene,23,"Kanada, Kolumbien"
Evelyn Schreiber,Text & Dramaturgie,Übersetzung Deutsch,A_048,Vortex Nukak,Immersives Theater,Erwachsene & Junge Erwachsene,32,Kolumbien
FFT Düsseldorf,Produktion & Management,Koproduktion,A_076,MEMORY DISTORTION. M I X T A P E,Musiktheater,Erwachsene & Junge Erwachsene,16,Moldau
Fatima Aïbout,Performance,Voicecover,A_079,La Grande Ourse,Zeitgenössisches Theater,Erwachsene & Junge Erwachsene,29,Frankreich
Febrinawan Prestianto,Produktion & Management,Produktionsmanagement,A_003,Stream of Memory,Figurentheater,Familien,7,Indonesien
Floyd Favel,Produktion & Management,Protokollberatung (Norden),A_031,Nigamon/Tunai,Installative Performance,Erwachsene & Junge Erwachsene,23,"Kanada, Kolumbien"
Fondo Metropolitano,Förderung & Partner,Unterstützt durch,A_108,Los bienes visibles,Performance,Erwachsene,12,Argentinien
Frannie Holder,Musik & Sound,"Musik-, Sounddesign",A_031,Nigamon/Tunai,Installative Performance,Erwachsene & Junge Erwachsene,23,"Kanada, Kolumbien"
Frédéric Auger,Musik & Sound,Klangraum / Sound-Spatialisation,A_031,Nigamon/Tunai,Installative Performance,Erwachsene & Junge Erwachsene,23,"Kanada, Kolumbien"
Fundación Cazadores,Förderung & Partner,Unterstützt durch,A_108,Los bienes visibles,Performance,Erwachsene,12,Argentinien
Funique VR,Video & Medien,360° Films,A_005,BLUR,Extended Reality (XR),Erwachsene & Junge Erwachsene,26,"Canada, Taïwan, Greece"
Galpón de Guevara,Förderung & Partner,Unterstützt durch,A_108,Los bienes visibles,Performance,Erwachsene,12,Argentinien
Game On,Video & Medien,Motion Capture Data Processing,A_005,BLUR,Extended Reality (XR),Erwachsene & Junge Erwachsene,26,"Canada, Taïwan, Greece"
Gateshead International Festival of Theatre (GIFT) (England),Förderung & Partner,Unterstützt durch,A_032,In a Strange Place,Installation,Erwachsene & Junge Erwachsene,5,Kanada
Gesine Moog,Darstellende,Darstellende,A_005,BLUR,Extended Reality (XR),Erwachsene & Junge Erwachsene,26,"Canada, Taïwan, Greece"
Gilang Kusuma,Video & Medien,Multimedia-Design,A_003,Stream of Memory,Figurentheater,Familien,7,Indonesien
Gilnaz Yousefian,"Produktion & Management, Regie, Text & Dramaturgie","Regieassistenz, Übersetzung, Internationale Beziehungen",A_064,The Shadows,Zeitgenössisches Theater,Erwachsene & Junge Erwachsene,24,Iran
Gomene Digbeu Stepahne,Darstellende,Darstellende,A_012,LA BOULE BLEUE,Figurentheater,Familien,31,Elfenbeinküste
Goualy Gbahi Rachelle,Darstellende,Darstellende,A_012,LA BOULE BLEUE,Figurentheater,Familien,31,Elfenbeinküste
Goualy Rachelle,Choreografie,Choreografie,A_012,LA BOULE BLEUE,Figurentheater,Familien,31,Elfenbeinküste
Grissel P. Manganelli,Licht,Licht Design,A_048,Vortex Nukak,Immersives Theater,Erwachsene & Junge Erwachsene,32,Kolumbien
Guadalupe Otheguy,"Chorarrangements, Darstellende, Regie","Chorarrangements, Darstellende, Musikregie",A_108,Los bienes visibles,Performance,Erwachsene,12,Argentinien
HANADA Yuki,Assistenz,Creative Assistant,A_085,KUSTE,Interdisziplinäre Performance,Erwachsene & Junge Erwachsene,34,Japan
HAU Hebbel am Ufer,Produktion & Management,Koproduktion,A_076,MEMORY DISTORTION. M I X T A P E,Musiktheater,Erwachsene & Junge Erwachsene,16,Moldau
HIROSE Tact,Musik & Sound,Sound Creator,A_085,KUSTE,Interdisziplinäre Performance,Erwachsene & Junge Erwachsene,34,Japan
Hakyeong Sim,Text & Dramaturgie,Prozessdokumentationsautor,A_090,Except That You Cannot See Me,Installative Performance,Erwachsene & Junge Erwachsene,27,Südkorea
Hardiansyah Yoga,"Performance, Puppenherstellung","Darsteller:innen / Puppenspieler:innen, Puppenherstellung",A_003,Stream of Memory,Figurentheater,Familien,7,Indonesien
Hassan Khan,Musik & Sound,Musik,A_089,Before the Revolution,Zeitgenössisches Theater,Erwachsene & Junge Erwachsene,20,Ägypten
Heidi Abderhalden,"Regie, Text & Dramaturgie, Video & Medien","Konzept, Regie, Dramaturgie, Schnitt",A_048,Vortex Nukak,Immersives Theater,Erwachsene & Junge Erwachsene,32,Kolumbien
Henri jules Julien,Produktion & Management,Producer,A_089,Before the Revolution,Zeitgenössisches Theater,Erwachsene & Junge Erwachsene,20,Ägypten
Houra Al-Hazim,Kostüm & Maske,Maskenbild,A_059,Speak So I May See You,Performance,Erwachsene,33,Saudi-Arabien
Hovnatan Avedikian,Performance,Darsteller:innen,A_079,La Grande Ourse,Zeitgenössisches Theater,Erwachsene & Junge Erwachsene,29,Frankreich
Hsiang Lin,Darstellende,Darstellende,A_005,BLUR,Extended Reality (XR),Erwachsene & Junge Erwachsene,26,"Canada, Taïwan, Greece"
Hsiang-Ting Teng,Haptic Effects Control Integration,Haptic Effects Control Integration,A_005,BLUR,Extended Reality (XR),Erwachsene & Junge Erwachsene,26,"Canada, Taïwan, Greece"
Huang Yong-Hsin,Video & Medien,Video,A_081,FAMILY TRIANGLE ,Interdisziplinäre Performance,Erwachsene & Junge Erwachsene,6,Taiwan
Humboldt Forum Berlin,Produktion & Management,Koproduktion,A_050,氣團 / Luftmasse,Installative Performance,Erwachsene & Junge Erwachsene,9,China
Hung Chien-Han,"Co-Creators, Darstellende","Co-Creators, Darstellende",A_081,FAMILY TRIANGLE ,Interdisziplinäre Performance,Erwachsene & Junge Erwachsene,6,Taiwan
Hung Wei-Yao,"Co-Creators, Darstellende","Co-Creators, Darstellende",A_081,FAMILY TRIANGLE ,Interdisziplinäre Performance,Erwachsene & Junge Erwachsene,6,Taiwan
Hussein Baydoun,"Bühne & Ausstattung, Kostüm & Maske","Szenografie, Kostümbild",A_089,Before the Revolution,Zeitgenössisches Theater,Erwachsene & Junge Erwachsene,20,Ägypten
Hélène Ducharme,"Performance, Regie, Text & Dramaturgie","Autorinnen, Darstellerinnen, Regie",A_018,Parole d'eau / Water Words,Figurentheater,Kinder,21,"Kanada, Senegal"
ICES,Förderung & Partner,Unterstützt durch,A_098,"Dear Children, Sincerely… 7 Decades of Sri Lanka",Performance,Erwachsene & Junge Erwachsene,17,Sri Lanka
IP Lab,Video & Medien,Volumetric Capture,A_005,BLUR,Extended Reality (XR),Erwachsene & Junge Erwachsene,26,"Canada, Taïwan, Greece"
IWAYA Chinatsu,Produktion & Management,Technical Coordinator,A_085,KUSTE,Interdisziplinäre Performance,Erwachsene & Junge Erwachsene,34,Japan
Ikram Al-Omari,Kostüm & Maske,Kostümbild,A_059,Speak So I May See You,Performance,Erwachsene,33,Saudi-Arabien
In Auftrag gegeben und produziert von Esplanade – Theatres on the Bay,Förderung & Partner,Unterstützt durch:,A_003,Stream of Memory,Figurentheater,Familien,7,Indonesien
In a Strange Place was originally commissioned by Matchbox (Germany),Förderung & Partner,Unterstützt durch,A_032,In a Strange Place,Installation,Erwachsene & Junge Erwachsene,5,Kanada
Institut italien Sénégal,Förderung & Partner,Unterstützt durch,A_017,Mutikkappatâta,Interdisziplinäre Performance,Erwachsene & Junge Erwachsene,28,Senegal
Instituto Nacional del Teatro,Förderung & Partner,Unterstützt durch,A_108,Los bienes visibles,Performance,Erwachsene,12,Argentinien
Inês Mateus,Licht,Lichtbedienung,A_055,Go Back to Where You Came From,Zeitgenössisches Theater,Erwachsene & Junge Erwachsene,14,Portugal
Isaac Veloso,"Musik & Sound, Technik, Video & Medien","Technische Direktion, Sound- & Videobedienung",A_055,Go Back to Where You Came From,Zeitgenössisches Theater,Erwachsene & Junge Erwachsene,14,Portugal
Isabelle Chrétien,Förderung & Partner,Kreative Unterstützung,A_018,Parole d'eau / Water Words,Figurentheater,Kinder,21,"Kanada, Senegal"
Isao Kanemaki,"Darstellende, Regie, Video & Medien","Darstellende, Video, Regieassistenz",A_075,Tanzende Nachbarn,Performance,Familien,30,"Japan, Deutschland"
Ivo Dimchev,"Choreografie, Darstellende, Text & Dramaturgie","Darstellende, Text & Choreografie",A_103,DI/Strauss technique,Performance,Erwachsene & Junge Erwachsene,15,Bulgarien
Ivo Dimchev & Johann Strauss,Musik & Sound,Musik,A_103,DI/Strauss technique,Performance,Erwachsene & Junge Erwachsene,15,Bulgarien
Iwan Effendi,"Puppenbau & Design, Puppenherstellung, Regie, Video & Medien","Puppendesign, Illustration, Animation, Co-Regie, Puppenherstellung",A_003,Stream of Memory,Figurentheater,Familien,7,Indonesien
Jaapwun Ui Yao,Performance,Teilnehmende,A_048,Vortex Nukak,Immersives Theater,Erwachsene & Junge Erwachsene,32,Kolumbien
Jaemin Lee,"Musik & Sound, Regie","Komposition, Co-Regie",A_090,Except That You Cannot See Me,Installative Performance,Erwachsene & Junge Erwachsene,27,Südkorea
Jaivi Chen,Bühne & Ausstattung,Szenografie,A_081,FAMILY TRIANGLE ,Interdisziplinäre Performance,Erwachsene & Junge Erwachsene,6,Taiwan
James Tan,Licht,Lichtdesign,A_003,Stream of Memory,Figurentheater,Familien,7,Indonesien
Jauyau Nijbe Jeenbu,Performance,Teilnehmende,A_048,Vortex Nukak,Immersives Theater,Erwachsene & Junge Erwachsene,32,Kolumbien
Javier Beltrán,"Musik & Sound, Technik","Sound, Technische Direktion",A_048,Vortex Nukak,Immersives Theater,Erwachsene & Junge Erwachsene,32,Kolumbien
Javier Hernández,Video & Medien,Video,A_048,Vortex Nukak,Immersives Theater,Erwachsene & Junge Erwachsene,32,Kolumbien
Javier Navarro animiert von Fredy Arias,Video & Medien,Linolschnitte,A_048,Vortex Nukak,Immersives Theater,Erwachsene & Junge Erwachsene,32,Kolumbien
Jawad Al-Sayigh,Darstellende,Darstellende,A_059,Speak So I May See You,Performance,Erwachsene,33,Saudi-Arabien
Jayampathi Guruge,Produktion & Management,Produktionsdesign,A_098,"Dear Children, Sincerely… 7 Decades of Sri Lanka",Performance,Erwachsene & Junge Erwachsene,17,Sri Lanka
Jean Cummings,"Bühne & Ausstattung, Puppen-",Puppen- & Requisitendesign,A_018,Parole d'eau / Water Words,Figurentheater,Kinder,21,"Kanada, Senegal"
Jean Pierre Nepost,Regie,Regie,A_017,Mutikkappatâta,Interdisziplinäre Performance,Erwachsene & Junge Erwachsene,28,Senegal
Jeima Diana Nijbe Joonide,Performance,Teilnehmende,A_048,Vortex Nukak,Immersives Theater,Erwachsene & Junge Erwachsene,32,Kolumbien
Jenna Winter,Produktion & Management,Co-Producers,A_032,In a Strange Place,Installation,Erwachsene & Junge Erwachsene,5,Kanada
Jennifer Tremblay,Text & Dramaturgie,Dramaturgie,A_018,Parole d'eau / Water Words,Figurentheater,Kinder,21,"Kanada, Senegal"
Jeong Seyoung,"Kreation, Regie, Text & Dramaturgie","Konzept, Kreation, Regie",A_090,Except That You Cannot See Me,Installative Performance,Erwachsene & Junge Erwachsene,27,Südkorea
Jeremy Leith,Regie,Marketing Director,A_005,BLUR,Extended Reality (XR),Erwachsene & Junge Erwachsene,26,"Canada, Taïwan, Greece"
Jingwen Li,"Darstell:innen, Regie, Text & Dramaturgie","Darstell:innen, Regieassistenz, Übersetzung",A_050,氣團 / Luftmasse,Installative Performance,Erwachsene & Junge Erwachsene,9,China
Jitendra Singh Rajput,Darstellende,Darstellende,A_030,JO DOOBA SO PAAR,Musiktheater,Erwachsene & Junge Erwachsene,18,Indien
John de los Ríos,Video & Medien,Schnitt,A_048,Vortex Nukak,Immersives Theater,Erwachsene & Junge Erwachsene,32,Kolumbien
Jongyeol Lee,Darstellende,Darstellende,A_090,Except That You Cannot See Me,Installative Performance,Erwachsene & Junge Erwachsene,27,Südkorea
José Ignacio Rincón,Produktion & Management,Technische Produktion,A_048,Vortex Nukak,Immersives Theater,Erwachsene & Junge Erwachsene,32,Kolumbien
Juan Ernesto Díaz,Musik & Sound,"Sound Desing, Komposition",A_048,Vortex Nukak,Immersives Theater,Erwachsene & Junge Erwachsene,32,Kolumbien
Juan Pablo Gómez,"Regie, Text & Dramaturgie","Musikregie, Regie, Text",A_108,Los bienes visibles,Performance,Erwachsene,12,Argentinien
Julie Christina Picher,Bühne & Ausstattung,Szenografie,A_031,Nigamon/Tunai,Installative Performance,Erwachsene & Junge Erwachsene,23,"Kanada, Kolumbien"
Julie Cusson,Kostüm & Maske,Hair & Make-up,A_031,Nigamon/Tunai,Installative Performance,Erwachsene & Junge Erwachsene,23,"Kanada, Kolumbien"
Julie Tremblay,Produktion & Management,PHI Studio Executive Producers,A_005,BLUR,Extended Reality (XR),Erwachsene & Junge Erwachsene,26,"Canada, Taïwan, Greece"
Jérome Bérubé,Licht,Lichtdesign,A_018,Parole d'eau / Water Words,Figurentheater,Kinder,21,"Kanada, Senegal"
Jérémie Ranc,Video & Medien,3D Modeling Assistance,A_005,BLUR,Extended Reality (XR),Erwachsene & Junge Erwachsene,26,"Canada, Taïwan, Greece"
KAI Semmei (WHITELIGHT),"Musik & Sound, Technik",Sound System Designer / Operator,A_085,KUSTE,Interdisziplinäre Performance,Erwachsene & Junge Erwachsene,34,Japan
KANO Utowa,Created and Performed by,Created and Performed by,A_085,KUSTE,Interdisziplinäre Performance,Erwachsene & Junge Erwachsene,34,Japan
Kai-Wen Chuang,Darstellende,Darstellende,A_005,BLUR,Extended Reality (XR),Erwachsene & Junge Erwachsene,26,"Canada, Taïwan, Greece"
Kairo,Produktion & Management,Produktion,A_089,Before the Revolution,Zeitgenössisches Theater,Erwachsene & Junge Erwachsene,20,Ägypten
Kamagate Adama,Darstellende,Darstellende,A_012,LA BOULE BLEUE,Figurentheater,Familien,31,Elfenbeinküste
Kanagawa Arts Foundation,Produktion & Management,Koproduktion,A_075,Tanzende Nachbarn,Performance,Familien,30,"Japan, Deutschland"
Karina Marquez Caballero,Assistenz,Technological Assistance,A_005,BLUR,Extended Reality (XR),Erwachsene & Junge Erwachsene,26,"Canada, Taïwan, Greece"
Keira Lyons,"Performance, Text & Dramaturgie",Autor:in / Darsteller:innen,A_023,Paper Planet,Installation,Familien,3,Australien
Keli Freitas,"Performance, Regie, Text & Dramaturgie","Darstellerinnen, Regie, Dramaturgie",A_055,Go Back to Where You Came From,Zeitgenössisches Theater,Erwachsene & Junge Erwachsene,14,Portugal
Kevan Rahimaly,Produktion & Management,Production Coordinator,A_005,BLUR,Extended Reality (XR),Erwachsene & Junge Erwachsene,26,"Canada, Taïwan, Greece"
Kim Picard,Musik & Sound,"„Nibi Song“, Gesang",A_031,Nigamon/Tunai,Installative Performance,Erwachsene & Junge Erwachsene,23,"Kanada, Kolumbien"
Kimberly Guillaume-Kacou,Produktion & Management,Kaufmännische Leitung,A_031,Nigamon/Tunai,Installative Performance,Erwachsene & Junge Erwachsene,23,"Kanada, Kolumbien"
Kira Semionov,Darstellende,Darstellende,A_076,MEMORY DISTORTION. M I X T A P E,Musiktheater,Erwachsene & Junge Erwachsene,16,Moldau
Koffi Mens,Förderung & Partner,Kreative Unterstützung,A_018,Parole d'eau / Water Words,Figurentheater,Kinder,21,"Kanada, Senegal"
Koro Souleymane,"Darstellende, Darstellende), Kostüm & Maske, Puppenbau & Design","Darstellende, Figurenbau, Kostümdesign (Figuren, Darstellende)",A_012,LA BOULE BLEUE,Figurentheater,Familien,31,Elfenbeinküste
Kris Demeanor,Musik & Sound,Sounddesign,A_032,In a Strange Place,Installation,Erwachsene & Junge Erwachsene,5,Kanada
Kulturhauptstadt Europas Chemnitz 2025 gGmbH,Produktion & Management,Produktion,A_075,Tanzende Nachbarn,Performance,Familien,30,"Japan, Deutschland"
LAB 7,Video & Medien,Motion Capture,A_005,BLUR,Extended Reality (XR),Erwachsene & Junge Erwachsene,26,"Canada, Taïwan, Greece"
La Filature,Förderung & Partner,Unterstützt durch,A_089,Before the Revolution,Zeitgenössisches Theater,Erwachsene & Junge Erwachsene,20,Ägypten
Lasso Sanou,Musik & Sound,Livemusik,A_018,Parole d'eau / Water Words,Figurentheater,Kinder,21,"Kanada, Senegal"
Le Méta CDN de Poitiers,Produktion & Management,Koproduktion,A_079,La Grande Ourse,Zeitgenössisches Theater,Erwachsene & Junge Erwachsene,29,Frankreich
Leonel Vasquez,Musik & Sound,Sounddesign und Instrumentenentwicklung,A_031,Nigamon/Tunai,Installative Performance,Erwachsene & Junge Erwachsene,23,"Kanada, Kolumbien"
Les Francophonies – des écritures à la scène,Produktion & Management,Koproduktion,A_079,La Grande Ourse,Zeitgenössisches Theater,Erwachsene & Junge Erwachsene,29,Frankreich
Libia Guamanga,Musik & Sound,"„Nibi Song“, Gesang",A_031,Nigamon/Tunai,Installative Performance,Erwachsene & Junge Erwachsene,23,"Kanada, Kolumbien"
Louhon Franck Cedrick,Darstellende,Darstellende,A_012,LA BOULE BLEUE,Figurentheater,Familien,31,Elfenbeinküste
Ltd.),Licht,Lighting Manager,A_085,KUSTE,Interdisziplinäre Performance,Erwachsene & Junge Erwachsene,34,Japan
Luciano Mutumbajoy,Produktion & Management,Protokollberatung (Süden),A_031,Nigamon/Tunai,Installative Performance,Erwachsene & Junge Erwachsene,23,"Kanada, Kolumbien"
Luis Marquès assistiert von Soro Badrissa,"Regie, Text & Dramaturgie",Text & Regie,A_012,LA BOULE BLEUE,Figurentheater,Familien,31,Elfenbeinküste
MIZUNO Megumi (precog),Produktion & Management,Tour Manager,A_085,KUSTE,Interdisziplinäre Performance,Erwachsene & Junge Erwachsene,34,Japan
Madeleine Flynn,Musik & Sound,Sounddesign,A_023,Paper Planet,Installation,Familien,3,Australien
Madison Dinelle,Technological Direction,Technological Direction,A_005,BLUR,Extended Reality (XR),Erwachsene & Junge Erwachsene,26,"Canada, Taïwan, Greece"
Mahdi Al-Marhoon,Darstellende,Darstellende,A_059,Speak So I May See You,Performance,Erwachsene,33,Saudi-Arabien
Mai Yokoyama,"Darstellende, Produktion & Management","Darstellende, Produktionsmanagement",A_075,Tanzende Nachbarn,Performance,Familien,30,"Japan, Deutschland"
Mamby Mawine,"Performance, Regie, Text & Dramaturgie","Autorinnen, Darstellerinnen, Regie",A_018,Parole d'eau / Water Words,Figurentheater,Kinder,21,"Kanada, Senegal"
Manasi Bhawalkar,Darstellende,Darstellende,A_030,JO DOOBA SO PAAR,Musiktheater,Erwachsene & Junge Erwachsene,18,Indien
Manav Kaul,Produktion & Management,Producer,A_030,JO DOOBA SO PAAR,Musiktheater,Erwachsene & Junge Erwachsene,18,Indien
Manna Photo Studio,Video & Medien,Fotografie,A_090,Except That You Cannot See Me,Installative Performance,Erwachsene & Junge Erwachsene,27,Südkorea
Manon Minetti,Regie,Regieassistenz,A_108,Los bienes visibles,Performance,Erwachsene,12,Argentinien
Manouchehr Shoja,"Bühne & Ausstattung, Kostüm & Maske, Regie","Regieberatung, Szenografie, Kostümbild",A_064,The Shadows,Zeitgenössisches Theater,Erwachsene & Junge Erwachsene,24,Iran
Manu Curtiss,"Bühne & Ausstattung, Kostüm & Maske","Szenografie, Kostümbild",A_055,Go Back to Where You Came From,Zeitgenössisches Theater,Erwachsene & Junge Erwachsene,14,Portugal
Marc-André Nadeau,Technological Direction,Technological Direction,A_005,BLUR,Extended Reality (XR),Erwachsene & Junge Erwachsene,26,"Canada, Taïwan, Greece"
Marcel Mankita,Performance,Darsteller:innen,A_079,La Grande Ourse,Zeitgenössisches Theater,Erwachsene & Junge Erwachsene,29,Frankreich
Marcin Burnar,Musik & Sound,Tontechnik,A_031,Nigamon/Tunai,Installative Performance,Erwachsene & Junge Erwachsene,23,"Kanada, Kolumbien"
Marco Reyes,Darstellende,Darstellende,A_068,Antuco,Figurentheater,Erwachsene & Junge Erwachsene,10,Chile
Marguerite Lantz,Kostüm & Maske,Kostümbild,A_079,La Grande Ourse,Zeitgenössisches Theater,Erwachsene & Junge Erwachsene,29,Frankreich
Maria Belén Jacanamijoy Mutumbajoy,"Bühne & Ausstattung, Produktion & Management","Darstellenden Management, Requisite",A_031,Nigamon/Tunai,Installative Performance,Erwachsene & Junge Erwachsene,23,"Kanada, Kolumbien"
Maria „Ria“ Tri Sulistyani,"Regie, Text & Dramaturgie","Regie, Text",A_003,Stream of Memory,Figurentheater,Familien,7,Indonesien
Mariana La Torre,"Choreografie, Künstlerische Beratung","Choreographie, Künstlerische Beratung",A_108,Los bienes visibles,Performance,Erwachsene,12,Argentinien
Mariana Ricardo,Produktion & Management,Produktionsunterstützung,A_055,Go Back to Where You Came From,Zeitgenössisches Theater,Erwachsene & Junge Erwachsene,14,Portugal
Masaharu Honada,"Choreografie, Darstellende","Choreografie Instruktionen, Darstellende",A_075,Tanzende Nachbarn,Performance,Familien,30,"Japan, Deutschland"
Mashika Methmini,Darstellende,Darstellende,A_098,"Dear Children, Sincerely… 7 Decades of Sri Lanka",Performance,Erwachsene & Junge Erwachsene,17,Sri Lanka
Matjamela Motloung,"Bühne & Ausstattung, Produktion & Management","Stage Management, Producer",A_104,Kafka's Ape,Physical Theatre,Erwachsene,8,South Africa
Maureen Cléret,Bühne & Ausstattung,Stage Management,A_079,La Grande Ourse,Zeitgenössisches Theater,Erwachsene & Junge Erwachsene,29,Frankreich
Maxine Denis,Darstellende,Darstellende,A_005,BLUR,Extended Reality (XR),Erwachsene & Junge Erwachsene,26,"Canada, Taïwan, Greece"
Mayumi Ide-Bergeron,Bühne & Ausstattung,Requisitenassistenz,A_031,Nigamon/Tunai,Installative Performance,Erwachsene & Junge Erwachsene,23,"Kanada, Kolumbien"
Mayunkiki),Created and Performed by,Created and Performed by,A_085,KUSTE,Interdisziplinäre Performance,Erwachsene & Junge Erwachsene,34,Japan
Mayunkiki+,Produktion & Management,Production,A_085,KUSTE,Interdisziplinäre Performance,Erwachsene & Junge Erwachsene,34,Japan
Mazen Bonga,Produktion & Management,Produktionsteam,A_089,Before the Revolution,Zeitgenössisches Theater,Erwachsene & Junge Erwachsene,20,Ägypten
Maíra Wiener,"Assistenz, Produktion & Management","Co-Producers, Künstlerische Assistenz",A_032,In a Strange Place,Installation,Erwachsene & Junge Erwachsene,5,Kanada
Maïka Louakairim,Performance,Darsteller:innen,A_079,La Grande Ourse,Zeitgenössisches Theater,Erwachsene & Junge Erwachsene,29,Frankreich
Medo Abdel Maqsoud,Produktion & Management,Produktionsteam,A_089,Before the Revolution,Zeitgenössisches Theater,Erwachsene & Junge Erwachsene,20,Ägypten
Mei-Chun Hsiang,Darstellende,Darstellende,A_005,BLUR,Extended Reality (XR),Erwachsene & Junge Erwachsene,26,"Canada, Taïwan, Greece"
Meike Rötzer,Darstell:innen,Darstell:innen,A_050,氣團 / Luftmasse,Installative Performance,Erwachsene & Junge Erwachsene,9,China
Michal Sandor,Produktion & Management,Produktionsleitung,A_075,Tanzende Nachbarn,Performance,Familien,30,"Japan, Deutschland"
Ministerio de las Culturas,Produktion & Management,Produktion,A_048,Vortex Nukak,Immersives Theater,Erwachsene & Junge Erwachsene,32,Kolumbien
Mischa Long,"Bühne & Ausstattung, Performance, Text & Dramaturgie","Autor:in / Darsteller:innen, Szenografie",A_023,Paper Planet,Installation,Familien,3,Australien
Mohamed Bonga,Produktion & Management,Produktionsteam,A_089,Before the Revolution,Zeitgenössisches Theater,Erwachsene & Junge Erwachsene,20,Ägypten
Mohammed Al-Marzouq,Darstellende,Darstellende,A_059,Speak So I May See You,Performance,Erwachsene,33,Saudi-Arabien
Mohammed Al-Mutawa,Darstellende,Darstellende,A_059,Speak So I May See You,Performance,Erwachsene,33,Saudi-Arabien
Mohit Agarwal,"Darstellende, Musik & Sound, Regie","Darstellende, Musik, Regie",A_030,JO DOOBA SO PAAR,Musiktheater,Erwachsene & Junge Erwachsene,18,Indien
Mostafa Abdel Aty,Video & Medien,Fotografie,A_089,Before the Revolution,Zeitgenössisches Theater,Erwachsene & Junge Erwachsene,20,Ägypten
Mram AbdelMaqsoud,"Bühne & Ausstattung, Produktion & Management","Produktionsleitung, Stage Management",A_089,Before the Revolution,Zeitgenössisches Theater,Erwachsene & Junge Erwachsene,20,Ägypten
Mrunmay Chavan,Musik & Sound,Dholak (Instrument),A_030,JO DOOBA SO PAAR,Musiktheater,Erwachsene & Junge Erwachsene,18,Indien
Muhammad Alhaq,"Performance, Puppenherstellung, Puppenkonstruktion","Darsteller:innen / Puppenspieler:innen, Puppenherstellung, Puppenkonstruktion",A_003,Stream of Memory,Figurentheater,Familien,7,Indonesien
Murthaaz Abdul Barry,Darstellende,Darstellende,A_098,"Dear Children, Sincerely… 7 Decades of Sri Lanka",Performance,Erwachsene & Junge Erwachsene,17,Sri Lanka
Myriam Achard,"Chief, Video & Medien","Chief, New Media Partnerships and PR",A_005,BLUR,Extended Reality (XR),Erwachsene & Junge Erwachsene,26,"Canada, Taïwan, Greece"
Mélanie Courtinat,Video & Medien,Visual Experience Supervisor,A_005,BLUR,Extended Reality (XR),Erwachsene & Junge Erwachsene,26,"Canada, Taïwan, Greece"
Mélanie O’Bomsawin,Video & Medien,Videodesign,A_031,Nigamon/Tunai,Installative Performance,Erwachsene & Junge Erwachsene,23,"Kanada, Kolumbien"
N'Wole Edgar,Darstellende,Darstellende,A_012,LA BOULE BLEUE,Figurentheater,Familien,31,Elfenbeinküste
NAGASAKA Arisa (RYU Co.,Licht,Lighting Manager,A_085,KUSTE,Interdisziplinäre Performance,Erwachsene & Junge Erwachsene,34,Japan
NAKAMURA Akane (precog),Produktion & Management,Producer,A_085,KUSTE,Interdisziplinäre Performance,Erwachsene & Junge Erwachsene,34,Japan
Nada Fathy,Video & Medien,Social Media,A_089,Before the Revolution,Zeitgenössisches Theater,Erwachsene & Junge Erwachsene,20,Ägypten
Nadeen Lotayef,"Bühne & Ausstattung, Produktion & Management","Tourmanagement, Untertitelbedienung",A_089,Before the Revolution,Zeitgenössisches Theater,Erwachsene & Junge Erwachsene,20,Ägypten
Nahka Bertrand,Musik & Sound,"„Nibi Song“, Gesang",A_031,Nigamon/Tunai,Installative Performance,Erwachsene & Junge Erwachsene,23,"Kanada, Kolumbien"
Nami Kaigaishi,"Choreografie, Darstellende","Choreografie Assistenz, Darstellende",A_075,Tanzende Nachbarn,Performance,Familien,30,"Japan, Deutschland"
Nanda Mohammad,Darstellende,Darstellende,A_089,Before the Revolution,Zeitgenössisches Theater,Erwachsene & Junge Erwachsene,20,Ägypten
Nastaran Davari,Darstellende,Darstellende,A_064,The Shadows,Zeitgenössisches Theater,Erwachsene & Junge Erwachsene,24,Iran
Nathalie Vairac,"Performance, Text & Dramaturgie","Darstellerin, Texte",A_017,Mutikkappatâta,Interdisziplinäre Performance,Erwachsene & Junge Erwachsene,28,Senegal
National Theater & Concert Hall,Produktion & Management,Official Presentation Partner,A_005,BLUR,Extended Reality (XR),Erwachsene & Junge Erwachsene,26,"Canada, Taïwan, Greece"
National Theater Company of Korea (NTCK),Produktion & Management,"Produktion, Präsentation",A_090,Except That You Cannot See Me,Installative Performance,Erwachsene & Junge Erwachsene,27,Südkorea
Natividad Mutumbajoy,Musik & Sound,"„Nibi Song“, Gesang",A_031,Nigamon/Tunai,Installative Performance,Erwachsene & Junge Erwachsene,23,"Kanada, Kolumbien"
Nawaf Al-Harbi,Licht,Licht,A_059,Speak So I May See You,Performance,Erwachsene,33,Saudi-Arabien
Nicoleta Esinencu,Darstellende,Darstellende,A_076,MEMORY DISTORTION. M I X T A P E,Musiktheater,Erwachsene & Junge Erwachsene,16,Moldau
Nigamon/Tunai benefited from an Indigenous Dramaturgies Circle residency at the Banff Centre for Arts and Creativity,Förderung & Partner,Unterstützt durch,A_031,Nigamon/Tunai,Installative Performance,Erwachsene & Junge Erwachsene,23,"Kanada, Kolumbien"
Nigamon/Tunai is a production of Productions ONISHKA in co-production with Festival TransAmériques and in collaboration with Espace GO.,Förderung & Partner,Unterstützt durch,A_031,Nigamon/Tunai,Installative Performance,Erwachsene & Junge Erwachsene,23,"Kanada, Kolumbien"
Nigamon/Tunai is supported by the National Arts Centre’s National Creation Fund and the Cole Foundation (Intercultural Dialogues).,Förderung & Partner,Unterstützt durch,A_031,Nigamon/Tunai,Installative Performance,Erwachsene & Junge Erwachsene,23,"Kanada, Kolumbien"
Nigamon/Tunai was created with an eco-conception approach,Förderung & Partner,Unterstützt durch,A_031,Nigamon/Tunai,Installative Performance,Erwachsene & Junge Erwachsene,23,"Kanada, Kolumbien"
Ning Chang,Darstellende,Darstellende,A_005,BLUR,Extended Reality (XR),Erwachsene & Junge Erwachsene,26,"Canada, Taïwan, Greece"
Nipuni Sharada,Darstellende,Darstellende,A_098,"Dear Children, Sincerely… 7 Decades of Sri Lanka",Performance,Erwachsene & Junge Erwachsene,17,Sri Lanka
Niransha Akalanka,Licht,Lichtdesign,A_098,"Dear Children, Sincerely… 7 Decades of Sri Lanka",Performance,Erwachsene & Junge Erwachsene,17,Sri Lanka
Nora Dorogan,Darstellende,Darstellende,A_076,MEMORY DISTORTION. M I X T A P E,Musiktheater,Erwachsene & Junge Erwachsene,16,Moldau
Nukak community:,Performance,Teilnehmende,A_048,Vortex Nukak,Immersives Theater,Erwachsene & Junge Erwachsene,32,Kolumbien
O Espaço do Tempo,Produktion & Management,"Koproduktion, Koproduktion Residenz",A_055,Go Back to Where You Came From,Zeitgenössisches Theater,Erwachsene & Junge Erwachsene,14,Portugal
O.S.I.W.A,Förderung & Partner,Unterstützt durch,A_017,Mutikkappatâta,Interdisziplinäre Performance,Erwachsene & Junge Erwachsene,28,Senegal
OUKI Tamiko (precog),Produktion & Management,Tour Coordinator,A_085,KUSTE,Interdisziplinäre Performance,Erwachsene & Junge Erwachsene,34,Japan
Onassis Culture,"Produktion & Management, Technik","Koproduktion, Prototyping Support, With the support of",A_005,BLUR,Extended Reality (XR),Erwachsene & Junge Erwachsene,26,"Canada, Taïwan, Greece"
Orient productions,Produktion & Management,Produktion,A_089,Before the Revolution,Zeitgenössisches Theater,Erwachsene & Junge Erwachsene,20,Ägypten
Oshada Kumarikkanda,Darstellende,Darstellende,A_098,"Dear Children, Sincerely… 7 Decades of Sri Lanka",Performance,Erwachsene & Junge Erwachsene,17,Sri Lanka
P,Organized by,Organized by,A_085,KUSTE,Interdisziplinäre Performance,Erwachsene & Junge Erwachsene,34,Japan
PHI Studio,"Creative and interactive development, Produktion & Management","Creative and interactive development, Koproduktion",A_005,BLUR,Extended Reality (XR),Erwachsene & Junge Erwachsene,26,"Canada, Taïwan, Greece"
Pam Beebe,Produktion & Management,Koordination Indigene Beziehungen,A_032,In a Strange Place,Installation,Erwachsene & Junge Erwachsene,5,Kanada
Pambo Priyojati,"Performance, Puppenherstellung","Darsteller:innen / Puppenspieler:innen, Puppenherstellung",A_003,Stream of Memory,Figurentheater,Familien,7,Indonesien
Pathum Dharmarathna,Darstellende,Darstellende,A_098,"Dear Children, Sincerely… 7 Decades of Sri Lanka",Performance,Erwachsene & Junge Erwachsene,17,Sri Lanka
Patricio Aramburu,Darstellende,Darstellende,A_108,Los bienes visibles,Performance,Erwachsene,12,Argentinien
Penda Diouf,Text & Dramaturgie,Text,A_079,La Grande Ourse,Zeitgenössisches Theater,Erwachsene & Junge Erwachsene,29,Frankreich
Phala Ookeditse Phala,"Regie, Text & Dramaturgie","Regie, Adaption, Story",A_104,Kafka's Ape,Physical Theatre,Erwachsene,8,South Africa
Philip Miller,Komponist,Komponist,A_006,Nkoli: The Vogue-Opera,Zeitgenössische Oper,Erwachsene & Junge Erwachsene,13,Südafrika
Phoebe Greenberg,"Darstellende, Regie, Text & Dramaturgie","Darstellende, Regie, Text",A_005,BLUR,Extended Reality (XR),Erwachsene & Junge Erwachsene,26,"Canada, Taïwan, Greece"
Pierre Langlois,Licht,Lichtdesign,A_079,La Grande Ourse,Zeitgenössisches Theater,Erwachsene & Junge Erwachsene,29,Frankreich
Pierre-Henri Magnin,Danksagungen,Danksagungen,A_048,Vortex Nukak,Immersives Theater,Erwachsene & Junge Erwachsene,32,Kolumbien
Pigu Gómez,Video & Medien,Fotografie,A_108,Los bienes visibles,Performance,Erwachsene,12,Argentinien
Piotr Kurek,Musik & Sound,Musik,A_050,氣團 / Luftmasse,Installative Performance,Erwachsene & Junge Erwachsene,9,China
Prescillia Amany Kouamé,Performance,Darsteller:innen,A_079,La Grande Ourse,Zeitgenössisches Theater,Erwachsene & Junge Erwachsene,29,Frankreich
Prodromos Tsiavos,Produktion & Management,Onassis Culture Executive Producers,A_005,BLUR,Extended Reality (XR),Erwachsene & Junge Erwachsene,26,"Canada, Taïwan, Greece"
Proteatro,Förderung & Partner,Unterstützt durch,A_108,Los bienes visibles,Performance,Erwachsene,12,Argentinien
RAW Material Company,Förderung & Partner,Unterstützt durch,A_017,Mutikkappatâta,Interdisziplinäre Performance,Erwachsene & Junge Erwachsene,28,Senegal
Rachel Lim,Produktion & Management,Producer,A_003,Stream of Memory,Figurentheater,Familien,7,Indonesien
Rachel Rose,Assistenz,Künstlerische Assistenz,A_032,In a Strange Place,Installation,Erwachsene & Junge Erwachsene,5,Kanada
Ramsi Lehner,Darstellende,Darstellende,A_089,Before the Revolution,Zeitgenössisches Theater,Erwachsene & Junge Erwachsene,20,Ägypten
Rangga Yudhistira,Video & Medien,Video & Foto,A_003,Stream of Memory,Figurentheater,Familien,7,Indonesien
Ranil Goonawardene mit Palitha Abeyrathne,Musik & Sound,Original-Partitur,A_098,"Dear Children, Sincerely… 7 Decades of Sri Lanka",Performance,Erwachsene & Junge Erwachsene,17,Sri Lanka
Rattan Deep Singh,Darstellende,Darstellende,A_030,JO DOOBA SO PAAR,Musiktheater,Erwachsene & Junge Erwachsene,18,Indien
Ray Tseng,"Co-Creators, Darstellende, Licht, Technik","Co-Creators, Darstellende, Internationale Technische Direktion, Lichtdesign",A_081,FAMILY TRIANGLE ,Interdisziplinäre Performance,Erwachsene & Junge Erwachsene,6,Taiwan
Retno Intiani,Kostüm & Maske,Kostümbild,A_003,Stream of Memory,Figurentheater,Familien,7,Indonesien
Retno Sulistyorini,Performance,Tänzer:innen,A_003,Stream of Memory,Figurentheater,Familien,7,Indonesien
Ricardo Dueñas,Robotic Design,Robotic Design,A_048,Vortex Nukak,Immersives Theater,Erwachsene & Junge Erwachsene,32,Kolumbien
Ricardo Pacheco,Musik & Sound,Sounddesign,A_068,Antuco,Figurentheater,Erwachsene & Junge Erwachsene,10,Chile
Ricardo Rodríguez,Video & Medien,Schnitt,A_048,Vortex Nukak,Immersives Theater,Erwachsene & Junge Erwachsene,32,Kolumbien
Rigved,Darstellende,Darstellende,A_030,JO DOOBA SO PAAR,Musiktheater,Erwachsene & Junge Erwachsene,18,Indien
Rikki Beadle-Blair MBE,Regie,Regie,A_006,Nkoli: The Vogue-Opera,Zeitgenössische Oper,Erwachsene & Junge Erwachsene,13,Südafrika
River Lin,Künstlerischer Mitarbeiter,Künstlerischer Mitarbeiter,A_081,FAMILY TRIANGLE ,Interdisziplinäre Performance,Erwachsene & Junge Erwachsene,6,Taiwan
Riverbed Theatre,Immersive Theater Design,Immersive Theater Design,A_005,BLUR,Extended Reality (XR),Erwachsene & Junge Erwachsene,26,"Canada, Taïwan, Greece"
Riverbed Theatre Ltd.,Produktion & Management,Koproduktion,A_005,BLUR,Extended Reality (XR),Erwachsene & Junge Erwachsene,26,"Canada, Taïwan, Greece"
Roberta Pesci,Kostüm & Maske,Kostümbild,A_108,Los bienes visibles,Performance,Erwachsene,12,Argentinien
Roberto Gómez,Danksagungen,Danksagungen,A_048,Vortex Nukak,Immersives Theater,Erwachsene & Junge Erwachsene,32,Kolumbien
Rodolfo Armijo,Darstellende,Darstellende,A_068,Antuco,Figurentheater,Erwachsene & Junge Erwachsene,10,Chile
Rolf Abderhalden,"Bühne & Ausstattung, Regie, Text & Dramaturgie, Video & Medien","Konzept, Regie, Dramaturgie, Szenografie, Video",A_048,Vortex Nukak,Immersives Theater,Erwachsene & Junge Erwachsene,32,Kolumbien
Romane Bocquet,Produktion & Management,Technische Leitung,A_031,Nigamon/Tunai,Installative Performance,Erwachsene & Junge Erwachsene,23,"Kanada, Kolumbien"
Ruwanthie de Chickera,"Regie, Text & Dramaturgie",Text & Regie,A_098,"Dear Children, Sincerely… 7 Decades of Sri Lanka",Performance,Erwachsene & Junge Erwachsene,17,Sri Lanka
SATO Naoko,Created and Performed by,Created and Performed by,A_085,KUSTE,Interdisziplinäre Performance,Erwachsene & Junge Erwachsene,34,Japan
SUIKA KEIMAI (HIROSE Tact,Created and Performed by,Created and Performed by,A_085,KUSTE,Interdisziplinäre Performance,Erwachsene & Junge Erwachsene,34,Japan
Saber El Sayed (Assistenz & Bedienung),Licht,Lichtdesign,A_089,Before the Revolution,Zeitgenössisches Theater,Erwachsene & Junge Erwachsene,20,Ägypten
Salma Bordes,Bühne & Ausstattung,Szenografie,A_079,La Grande Ourse,Zeitgenössisches Theater,Erwachsene & Junge Erwachsene,29,Frankreich
Sammy Lin,Bühne & Ausstattung,Stage Technical Consultant,A_005,BLUR,Extended Reality (XR),Erwachsene & Junge Erwachsene,26,"Canada, Taïwan, Greece"
Samuel Sundaralingam,Darstellende,Darstellende,A_098,"Dear Children, Sincerely… 7 Decades of Sri Lanka",Performance,Erwachsene & Junge Erwachsene,17,Sri Lanka
Santiago Badillo,"Bühne & Ausstattung, Licht","Szenografie, Lichtdesign",A_108,Los bienes visibles,Performance,Erwachsene,12,Argentinien
Santiago Tobar,"Bühne & Ausstattung, Puppenbau & Design, Regie","Regie, Figurendesign, Szenografie",A_068,Antuco,Figurentheater,Erwachsene & Junge Erwachsene,10,Chile
Sarah Williams,"Regie, Stellvertretende-","Stellvertretende-, Probenregie",A_031,Nigamon/Tunai,Installative Performance,Erwachsene & Junge Erwachsene,23,"Kanada, Kolumbien"
Sasindu Randeepa,Darstellende,Darstellende,A_098,"Dear Children, Sincerely… 7 Decades of Sri Lanka",Performance,Erwachsene & Junge Erwachsene,17,Sri Lanka
Sawsan Al-Idris,Darstellende,Darstellende,A_059,Speak So I May See You,Performance,Erwachsene,33,Saudi-Arabien
Sayed Naggar,Produktion & Management,Produktionsteam,A_089,Before the Revolution,Zeitgenössisches Theater,Erwachsene & Junge Erwachsene,20,Ägypten
Seohyo Hong,Technik,Technische Direktion,A_090,Except That You Cannot See Me,Installative Performance,Erwachsene & Junge Erwachsene,27,Südkorea
Seoul Museum of Art (SeMA),Förderung & Partner,Kooperation,A_090,Except That You Cannot See Me,Installative Performance,Erwachsene & Junge Erwachsene,27,Südkorea
Shaghayegh Lotfali Khan Mohajer,Darstellende,Darstellende,A_064,The Shadows,Zeitgenössisches Theater,Erwachsene & Junge Erwachsene,24,Iran
Shahd Ahmed Al-Harbi,Bühne & Ausstattung,Szenografie,A_059,Speak So I May See You,Performance,Erwachsene,33,Saudi-Arabien
Shakiba Hosseini,Darstellende,Darstellende,A_064,The Shadows,Zeitgenössisches Theater,Erwachsene & Junge Erwachsene,24,Iran
Shalaka Redkar,Darstellende,Darstellende,A_030,JO DOOBA SO PAAR,Musiktheater,Erwachsene & Junge Erwachsene,18,Indien
Sharon Day,Performance,Mit den Stimmen von,A_031,Nigamon/Tunai,Installative Performance,Erwachsene & Junge Erwachsene,23,"Kanada, Kolumbien"
Shashini Don Pawulu,Darstellende,Darstellende,A_098,"Dear Children, Sincerely… 7 Decades of Sri Lanka",Performance,Erwachsene & Junge Erwachsene,17,Sri Lanka
Shenzhen Ming Culture Communication Co. LTD,Förderung & Partner,Unterstützt durch,A_050,氣團 / Luftmasse,Installative Performance,Erwachsene & Junge Erwachsene,9,China
Sheyang Sibo,Darstell:innen,Darstell:innen,A_050,氣團 / Luftmasse,Installative Performance,Erwachsene & Junge Erwachsene,9,China
Shiou-Ling Sheng,"Bühne & Ausstattung, Darstellende","Darstellende, Scenic Painting",A_005,BLUR,Extended Reality (XR),Erwachsene & Junge Erwachsene,26,"Canada, Taïwan, Greece"
Shiva Sharma,Produktion & Management,Produktion,A_030,JO DOOBA SO PAAR,Musiktheater,Erwachsene & Junge Erwachsene,18,Indien
Shivani Darbari,Produktion & Management,Produktion,A_030,JO DOOBA SO PAAR,Musiktheater,Erwachsene & Junge Erwachsene,18,Indien
Sia-Jhih Lin,Darstellende,Darstellende,A_005,BLUR,Extended Reality (XR),Erwachsene & Junge Erwachsene,26,"Canada, Taïwan, Greece"
Simon Hosie,Bühne & Ausstattung,Szenografie,A_048,Vortex Nukak,Immersives Theater,Erwachsene & Junge Erwachsene,32,Kolumbien
Simón Yao Ui,Performance,Teilnehmende,A_048,Vortex Nukak,Immersives Theater,Erwachsene & Junge Erwachsene,32,Kolumbien
Singapore,Förderung & Partner,Unterstützt durch:,A_003,Stream of Memory,Figurentheater,Familien,7,Indonesien
Singh,Darstellende,Darstellende,A_030,JO DOOBA SO PAAR,Musiktheater,Erwachsene & Junge Erwachsene,18,Indien
Snigdha Pious,Darstellende,Darstellende,A_030,JO DOOBA SO PAAR,Musiktheater,Erwachsene & Junge Erwachsene,18,Indien
Société de développement des entreprises culturelles,Technik,With the support of,A_005,BLUR,Extended Reality (XR),Erwachsene & Junge Erwachsene,26,"Canada, Taïwan, Greece"
Société de verdissement du Montréal métropolitain,Förderung & Partner,Unterstützt durch,A_031,Nigamon/Tunai,Installative Performance,Erwachsene & Junge Erwachsene,23,"Kanada, Kolumbien"
Sonakshi Singh,Darstellende,Darstellende,A_030,JO DOOBA SO PAAR,Musiktheater,Erwachsene & Junge Erwachsene,18,Indien
Sonia Mutumbajoy,Performance,Mit den Stimmen von,A_031,Nigamon/Tunai,Installative Performance,Erwachsene & Junge Erwachsene,23,"Kanada, Kolumbien"
Sonoko Hashimoto,"Darstellende, Regie","Darstellende, Regieassistenz",A_075,Tanzende Nachbarn,Performance,Familien,30,"Japan, Deutschland"
Sophia Sandoval,Text & Dramaturgie,Transkription,A_048,Vortex Nukak,Immersives Theater,Erwachsene & Junge Erwachsene,32,Kolumbien
Soro Badrissa,"Darstellende, Puppenbau & Design, Text & Dramaturgie","Darstellende, Figurenbau, Figurendesign, Idee",A_012,LA BOULE BLEUE,Figurentheater,Familien,31,Elfenbeinküste
South Street Boatbuilders,Handwerker:innen,Handwerker:innen,A_031,Nigamon/Tunai,Installative Performance,Erwachsene & Junge Erwachsene,23,"Kanada, Kolumbien"
Stages Ensemble,Entwicklung,Entwicklung,A_098,"Dear Children, Sincerely… 7 Decades of Sri Lanka",Performance,Erwachsene & Junge Erwachsene,17,Sri Lanka
Stages Theatre Group,Produktion & Management,Producer,A_098,"Dear Children, Sincerely… 7 Decades of Sri Lanka",Performance,Erwachsene & Junge Erwachsene,17,Sri Lanka
Stefanie Robinson,"Performance, Text & Dramaturgie",Autor:in / Darsteller:innen,A_023,Paper Planet,Installation,Familien,3,Australien
Studio A.M,Video & Medien,Video,A_090,Except That You Cannot See Me,Installative Performance,Erwachsene & Junge Erwachsene,27,Südkorea
Su-Ling Yeh,Produktion & Management,Riverbed Theatre Executive Producer,A_005,BLUR,Extended Reality (XR),Erwachsene & Junge Erwachsene,26,"Canada, Taïwan, Greece"
Sudeera Chinthaka,Darstellende,Darstellende,A_098,"Dear Children, Sincerely… 7 Decades of Sri Lanka",Performance,Erwachsene & Junge Erwachsene,17,Sri Lanka
Sudhan Singh Rajput,Musik & Sound,Sound,A_030,JO DOOBA SO PAAR,Musiktheater,Erwachsene & Junge Erwachsene,18,Indien
Sue Giles,Regie,Regie,A_023,Paper Planet,Installation,Familien,3,Australien
Sunethra Bandaranaike Trust,Förderung & Partner,Unterstützt durch,A_098,"Dear Children, Sincerely… 7 Decades of Sri Lanka",Performance,Erwachsene & Junge Erwachsene,17,Sri Lanka
Swiss Agency for Development and Cooperation in Moldova,Förderung & Partner,Unterstützt durch,A_076,MEMORY DISTORTION. M I X T A P E,Musiktheater,Erwachsene & Junge Erwachsene,16,Moldau
Sylvie Dubé,Handwerk: Rindenkörbe,Handwerk: Rindenkörbe,A_031,Nigamon/Tunai,Installative Performance,Erwachsene & Junge Erwachsene,23,"Kanada, Kolumbien"
TANZ | MODERNE | TANZ,Förderung & Partner,Kooperationspartner,A_075,Tanzende Nachbarn,Performance,Familien,30,"Japan, Deutschland"
TBC,Licht,Lichttechnik,A_031,Nigamon/Tunai,Installative Performance,Erwachsene & Junge Erwachsene,23,"Kanada, Kolumbien"
Taita Jose Becerra,Musik & Sound,"„Nibi Song“, Gesang",A_031,Nigamon/Tunai,Installative Performance,Erwachsene & Junge Erwachsene,23,"Kanada, Kolumbien"
Taita Luciano Mutumbajoy,Performance,Mit den Stimmen von,A_031,Nigamon/Tunai,Installative Performance,Erwachsene & Junge Erwachsene,23,"Kanada, Kolumbien"
Taiwan Contemporary Cultural Lab(C-LAB),Förderung & Partner,In partnership with,A_005,BLUR,Extended Reality (XR),Erwachsene & Junge Erwachsene,26,"Canada, Taïwan, Greece"
Taiwan Creative Content Agency,Technik,With the support of,A_005,BLUR,Extended Reality (XR),Erwachsene & Junge Erwachsene,26,"Canada, Taïwan, Greece"
Tamasi performing arts collective (Schweden),Förderung & Partner,Unterstützt durch,A_089,Before the Revolution,Zeitgenössisches Theater,Erwachsene & Junge Erwachsene,20,Ägypten
Tang Fu-Kuen,Text & Dramaturgie,Dramaturgie,A_081,FAMILY TRIANGLE ,Interdisziplinäre Performance,Erwachsene & Junge Erwachsene,6,Taiwan
Tanya Tagaq,Text & Dramaturgie,Autor:in,A_061,Split Tooth: Saputjiji,Musiktheater,Erwachsene & Junge Erwachsene,4,Kanada
Teatro Viriato,Produktion & Management,Koproduktion Residenz,A_055,Go Back to Where You Came From,Zeitgenössisches Theater,Erwachsene & Junge Erwachsene,14,Portugal
Theater Chemnitz,Förderung & Partner,Kooperationspartner,A_075,Tanzende Nachbarn,Performance,Familien,30,"Japan, Deutschland"
Theater der Welt Chemnitz,Produktion & Management,Koproduktion,A_050,氣團 / Luftmasse,Installative Performance,Erwachsene & Junge Erwachsene,9,China
This Project is supported by the TAICCA’s Innovative Content Grant for International Co-Funding or Co-Productions,Technik,With the support of,A_005,BLUR,Extended Reality (XR),Erwachsene & Junge Erwachsene,26,"Canada, Taïwan, Greece"
Thomas Azoug,Technik,Software Technical Director,A_005,BLUR,Extended Reality (XR),Erwachsene & Junge Erwachsene,26,"Canada, Taïwan, Greece"
Tian Gebing,Regie,Regie,A_050,氣團 / Luftmasse,Installative Performance,Erwachsene & Junge Erwachsene,9,China
Tien-Hung Wang,Licht,Lighting design,A_005,BLUR,Extended Reality (XR),Erwachsene & Junge Erwachsene,26,"Canada, Taïwan, Greece"
Tiffany Lay,Produktion & Management,Internationale Produktion,A_081,FAMILY TRIANGLE ,Interdisziplinäre Performance,Erwachsene & Junge Erwachsene,6,Taiwan
Tim Humphrey,Musik & Sound,Sounddesign,A_023,Paper Planet,Installation,Familien,3,Australien
Tim Wells,"Performance, Text & Dramaturgie",Autor:in / Darsteller:innen,A_023,Paper Planet,Installation,Familien,3,Australien
Tiziana Manfredi,Video & Medien,Video,A_017,Mutikkappatâta,Interdisziplinäre Performance,Erwachsene & Junge Erwachsene,28,Senegal
Tony Bonani Miyambo,"Performance, Produktion & Management, Text & Dramaturgie","Producer, Darsteller, Story",A_104,Kafka's Ape,Physical Theatre,Erwachsene,8,South Africa
Tribal Spirit Music,Musik & Sound,Drums,A_031,Nigamon/Tunai,Installative Performance,Erwachsene & Junge Erwachsene,23,"Kanada, Kolumbien"
Trinetra Tiwary,Licht,Licht,A_030,JO DOOBA SO PAAR,Musiktheater,Erwachsene & Junge Erwachsene,18,Indien
Trust Africa,Förderung & Partner,Unterstützt durch,A_017,Mutikkappatâta,Interdisziplinäre Performance,Erwachsene & Junge Erwachsene,28,Senegal
Trypas Corassão AC,Produktion & Management,Produktion,A_055,Go Back to Where You Came From,Zeitgenössisches Theater,Erwachsene & Junge Erwachsene,14,Portugal
UJ Arts and Culture Faculty of Art,Förderung & Partner,Unterstützt durch,A_104,Kafka's Ape,Physical Theatre,Erwachsene,8,South Africa
United Science Organization,Förderung & Partner,Unterstützt durch,A_098,"Dear Children, Sincerely… 7 Decades of Sri Lanka",Performance,Erwachsene & Junge Erwachsene,17,Sri Lanka
Valentina Sartori,Kostüm & Maske,Kostümbild,A_018,Parole d'eau / Water Words,Figurentheater,Kinder,21,"Kanada, Senegal"
Vanessa Cheng,Darstellende,Darstellende,A_005,BLUR,Extended Reality (XR),Erwachsene & Junge Erwachsene,26,"Canada, Taïwan, Greece"
Victor Groot,Performance,Technical Artist,A_005,BLUR,Extended Reality (XR),Erwachsene & Junge Erwachsene,26,"Canada, Taïwan, Greece"
Viraj Chavan,Musik & Sound,Tabla (Instrument),A_030,JO DOOBA SO PAAR,Musiktheater,Erwachsene & Junge Erwachsene,18,Indien
Véronik Picard,Text & Dramaturgie,"Recherche, dramaturgischer Text",A_031,Nigamon/Tunai,Installative Performance,Erwachsene & Junge Erwachsene,23,"Kanada, Kolumbien"
WATANABE Naoka),"Created and Performed by, Shadow and Masks","Created and Performed by, Shadow and Masks",A_085,KUSTE,Interdisziplinäre Performance,Erwachsene & Junge Erwachsene,34,Japan
WHITELIGHT,Created and Performed by,Created and Performed by,A_085,KUSTE,Interdisziplinäre Performance,Erwachsene & Junge Erwachsene,34,Japan
Waira Nina,"Performance, Regie, Text & Dramaturgie","Co-Autorinnen, Co-Regie, Darsteller:innen",A_031,Nigamon/Tunai,Installative Performance,Erwachsene & Junge Erwachsene,23,"Kanada, Kolumbien"
Wanderson Santos,"Bühne & Ausstattung, Regie","Regieassistenz, Stage Management",A_031,Nigamon/Tunai,Installative Performance,Erwachsene & Junge Erwachsene,23,"Kanada, Kolumbien"
Wang Tiange,Technik,Technische Direktion,A_050,氣團 / Luftmasse,Installative Performance,Erwachsene & Junge Erwachsene,9,China
Wang Yanan,"Choreografie, Darstell:innen, Produktion & Management","Choreografie, Producer, Darstell:innen",A_050,氣團 / Luftmasse,Installative Performance,Erwachsene & Junge Erwachsene,9,China
Wei-Hsuan Huang,"Musik & Sound, Video & Medien",Audio- & Videobedienung,A_081,FAMILY TRIANGLE ,Interdisziplinäre Performance,Erwachsene & Junge Erwachsene,6,Taiwan
Wen-Tse Chen,Licht,Lighting design,A_005,BLUR,Extended Reality (XR),Erwachsene & Junge Erwachsene,26,"Canada, Taïwan, Greece"
Ximena Vargas,Video & Medien,Live Video,A_048,Vortex Nukak,Immersives Theater,Erwachsene & Junge Erwachsene,32,Kolumbien
Xin-Qi Chen,Darstellende,Darstellende,A_005,BLUR,Extended Reality (XR),Erwachsene & Junge Erwachsene,26,"Canada, Taïwan, Greece"
YAMADA Hiroki (ayamelab),"Created and Performed by, Produktion & Management","Created and Performed by, Creative Coordinator",A_085,KUSTE,Interdisziplinäre Performance,Erwachsene & Junge Erwachsene,34,Japan
Yaragua Nukak,Performance,Teilnehmende,A_048,Vortex Nukak,Immersives Theater,Erwachsene & Junge Erwachsene,32,Kolumbien
Yen Ting-Ju,Kostüm & Maske,Kostümbild,A_081,FAMILY TRIANGLE ,Interdisziplinäre Performance,Erwachsene & Junge Erwachsene,6,Taiwan
Yennu Ariendra,Musik & Sound,Composer & Sounddesign,A_003,Stream of Memory,Figurentheater,Familien,7,Indonesien
Yeple Yeple Toussaint,Darstellende,Darstellende,A_012,LA BOULE BLEUE,Figurentheater,Familien,31,Elfenbeinküste
Yohayna Hernández,Text & Dramaturgie,Dramaturgie,A_031,Nigamon/Tunai,Installative Performance,Erwachsene & Junge Erwachsene,23,"Kanada, Kolumbien"
Yoko Ando,"Choreografie, Regie","Regie, Choreografie",A_075,Tanzende Nachbarn,Performance,Familien,30,"Japan, Deutschland"
Yolanda Jacanamijoy Mutumbajoy,Musik & Sound,"„Nibi Song“, Gesang",A_031,Nigamon/Tunai,Installative Performance,Erwachsene & Junge Erwachsene,23,"Kanada, Kolumbien"
Yoshika Tsunaiguchi,"Darstellende, Produktion & Management","Darstellende, Produktionsmanagement",A_075,Tanzende Nachbarn,Performance,Familien,30,"Japan, Deutschland"
You Tee,"Licht, Technik","Internationale Technische Direktion, Lichtdesign",A_081,FAMILY TRIANGLE ,Interdisziplinäre Performance,Erwachsene & Junge Erwachsene,6,Taiwan
Yousef Ahmed Al-Harbi,"Regie, Text & Dramaturgie","Text, Regie",A_059,Speak So I May See You,Performance,Erwachsene,33,Saudi-Arabien
Yso,Kostüm & Maske,Kostümbild,A_031,Nigamon/Tunai,Installative Performance,Erwachsene & Junge Erwachsene,23,"Kanada, Kolumbien"
Yu-Chen Chien,Darstellende,Darstellende,A_005,BLUR,Extended Reality (XR),Erwachsene & Junge Erwachsene,26,"Canada, Taïwan, Greece"
Yu-Hsin Yu,Darstellende,Darstellende,A_005,BLUR,Extended Reality (XR),Erwachsene & Junge Erwachsene,26,"Canada, Taïwan, Greece"
Yu-Jun Wang,Musik & Sound,Music,A_005,BLUR,Extended Reality (XR),Erwachsene & Junge Erwachsene,26,"Canada, Taïwan, Greece"
Yu-Ling Wang,Darstellende,Darstellende,A_005,BLUR,Extended Reality (XR),Erwachsene & Junge Erwachsene,26,"Canada, Taïwan, Greece"
Yuchen Xie,"Regie, Text & Dramaturgie","Regieassistenz, Übersetzung",A_050,氣團 / Luftmasse,Installative Performance,Erwachsene & Junge Erwachsene,9,China
Yuyu Maruyama,"Choreografie, Darstellende","Choreografie Instruktionen, Darstellende",A_075,Tanzende Nachbarn,Performance,Familien,30,"Japan, Deutschland"
Zhao Tong,Licht,Lichtdesign,A_050,氣團 / Luftmasse,Installative Performance,Erwachsene & Junge Erwachsene,9,China
Zhong Ben Zhi,Förderung & Partner,Sponsor,A_050,氣團 / Luftmasse,Installative Performance,Erwachsene & Junge Erwachsene,9,China
and Festspillene i Nord-Norge (Norway).,Förderung & Partner,Unterstützt durch,A_032,In a Strange Place,Installation,Erwachsene & Junge Erwachsene,5,Kanada
and Houra Al-Hazim,Darstellende,Darstellende,A_059,Speak So I May See You,Performance,Erwachsene,33,Saudi-Arabien
and thanks to the contribution of Soverdi,Förderung & Partner,Unterstützt durch,A_031,Nigamon/Tunai,Installative Performance,Erwachsene & Junge Erwachsene,23,"Kanada, Kolumbien"
as well as the Canada Council for the Arts,Förderung & Partner,Unterstützt durch,A_018,Parole d'eau / Water Words,Figurentheater,Kinder,21,"Kanada, Senegal"
contributing to the objectives of the Plan Climat Montréal 2020-2030.,Förderung & Partner,Unterstützt durch,A_031,Nigamon/Tunai,Installative Performance,Erwachsene & Junge Erwachsene,23,"Kanada, Kolumbien"
coproduction Djarama (Sénégal) Motus (Canada) /  We would like to thank the CITF for its valuable support through its international co-production programme,Förderung & Partner,Unterstützt durch,A_018,Parole d'eau / Water Words,Figurentheater,Kinder,21,"Kanada, Senegal"
de Scènes de territoire / Scène Conventionnée d’Intérêt National – Agglo2b,Förderung & Partner,Unterstützt durch,A_079,La Grande Ourse,Zeitgenössisches Theater,Erwachsene & Junge Erwachsene,29,Frankreich
de la fondation E.C.ART Pomaret et de la SPEDIDAM,Förderung & Partner,Unterstützt durch,A_079,La Grande Ourse,Zeitgenössisches Theater,Erwachsene & Junge Erwachsene,29,Frankreich
freshness and clean air for future generations,Förderung & Partner,Unterstützt durch,A_031,Nigamon/Tunai,Installative Performance,Erwachsene & Junge Erwachsene,23,"Kanada, Kolumbien"
from a residency at Kokolampoe Drama Center in Saint-Laurent du Maroni (French Guiana) and from a sound creation residency at Centro de la escucha de Sibaté (Columbia).,Förderung & Partner,Unterstützt durch,A_031,Nigamon/Tunai,Installative Performance,Erwachsene & Junge Erwachsene,23,"Kanada, Kolumbien"
hoshifune (KOYANO Tetsuro,"Created and Performed by, Shadow and Masks","Created and Performed by, Shadow and Masks",A_085,KUSTE,Interdisziplinäre Performance,Erwachsene & Junge Erwachsene,34,Japan
la MC93 – Maison de la Culture de Seine-Saint-Denis,Produktion & Management,Koproduktion,A_079,La Grande Ourse,Zeitgenössisches Theater,Erwachsene & Junge Erwachsene,29,Frankreich
la Scène nationale d’Aubusson,Förderung & Partner,Unterstützt durch,A_079,La Grande Ourse,Zeitgenössisches Theater,Erwachsene & Junge Erwachsene,29,Frankreich
las Artes y los Saberes de Colombia and Mapa Teatro,Produktion & Management,Produktion,A_048,Vortex Nukak,Immersives Theater,Erwachsene & Junge Erwachsene,32,Kolumbien
le TAP – scène nationale de Poitiers,Produktion & Management,Koproduktion,A_079,La Grande Ourse,Zeitgenössisches Theater,Erwachsene & Junge Erwachsene,29,Frankreich
le soutien en résidence de création de la vie brève – Théâtre de l’Aquarium et la participation de la Scène nationale de l’Essonne,Förderung & Partner,Unterstützt durch,A_079,La Grande Ourse,Zeitgenössisches Theater,Erwachsene & Junge Erwachsene,29,Frankreich
les 3T – scène conventionnée de Châtellerault et l’OARA,Produktion & Management,Koproduktion,A_079,La Grande Ourse,Zeitgenössisches Theater,Erwachsene & Junge Erwachsene,29,Frankreich
scène nationale – Mulhouse (Frankreich).,Förderung & Partner,Unterstützt durch,A_089,Before the Revolution,Zeitgenössisches Theater,Erwachsene & Junge Erwachsene,20,Ägypten
the Conseil des Arts et des Lettres du Québec and the Conseil des Arts de Longueuil.,Förderung & Partner,Unterstützt durch,A_018,Parole d'eau / Water Words,Figurentheater,Kinder,21,"Kanada, Senegal"
Ägypten,Produktion & Management,Produktion,A_089,Before the Revolution,Zeitgenössisches Theater,Erwachsene & Junge Erwachsene,20,Ägypten
Édouard Lanctôt-Benoît,Creative Development,Creative Development,A_005,BLUR,Extended Reality (XR),Erwachsene & Junge Erwachsene,26,"Canada, Taïwan, Greece"
Élouan O’Bomsawin-Galand,Performance,Mit den Stimmen von,A_031,Nigamon/Tunai,Installative Performance,Erwachsene & Junge Erwachsene,23,"Kanada, Kolumbien"
Émilie Monnet,"Performance, Regie, Text & Dramaturgie","Co-Autorinnen, Co-Regie, Darsteller:innen",A_031,Nigamon/Tunai,Installative Performance,Erwachsene & Junge Erwachsene,23,"Kanada, Kolumbien"
